SACode,SAName
295,GAZIABAD LPG SA
296,DELHI-1 LPG SA
297,DELHI-2 LPG SA
298,BAHADURGARH LPG SA
299,JAMMU LPG SA
300,SRINAGAR LPG SA
301,JALLANDHAR LPG SA
302,LUDHIANA LPG SA
303,HOSHIARPUR LPG SA
304,JIND LPG SA
305,CHANDIGARH CSC & LPG
306,AJMER LPG SA
307,JODHPUR LPG SA
308,UDAIPUR LPG SA
309,JAIPUR CSC & LPG SA
310,LUCKNOW LPG SA
311,VARANASI LPG SA
312,AGRA LPG SA
313,SAMBALPUR LPG SA
314,CUTTACK LPG SA
315,BHUBANESWAR CSC&LPG
316,JAMSHEDPUR LPG SA
317,DURGAPUR-1 LPG SA
318,KOLKATA-1 LPG SA
319,KOLKATA-2 LPG SA
320,PURNEA LPG SA
321,PATNA LPG SA
322,SILIGURI LPG SA
323,BILASPUR LPG SA
324,RAIPUR CSC & LPG SA
325,VIZIANAGARAM LPG SA
326,VISAKH LPG SA
327,KAKINADA LPG SA
328,ELURU LPG SA
329,AHMEDNAGR LPG SA
330,AURANGABAD LPG SA
331,NASIK LPG SA
332,PUNE LPG SA
333,SANGLI LPG SA
334,KOLHAPUR LPG SA
335,PUNE CSC & LPG SA
336,VAPI LPG SA
337,BARODA LPG SA
338,SURAT CSC & LPG SA
339,RAJKOT CSC & LPG SA
340,AHMEDABAD CSC & LPG
341,NAGPUR LPG SA
342,AMRAVATI LPG SA
343,CHANDRAPUR LPG SA
344,NAGPUR CSC & LPG SA
345,BHOPAL LPG SA
346,INDORE LPG SA
347,JABALPUR LPG SA
348,MUMBAI-1 LPG SA
349,MUMBAI-2 LPG SA
350,MUMBAI-3 LPG SA
351,MUMBAI CSC & LPG SA
352,THANE-1 LPG SA
353,NAVI MUMBAI LPG SA
354,MUMBAI BULK LPG SA
355,BANGALORE-1 LPG SA
356,BANGALORE-2 LPG SA
357,MYSORE LPG SA
358,BANGALORE ND LPG SA
359,HYDERABAD LPG SA
360,MEDCHAL  LPG SA
361,WARANGAL LPG SA
362,MADURAI LPG SA
363,CHENNAI-1 LPG SA
364,SALEM LPG SA
365,CHENNAI-2 LPG SA
366,GULBARGA LPG SA
367,GOA LPG SA
368,HUBLI LPG SA
369,GUNTUR LPG SA
370,VIJAYWADA LPG SA
371,ANANTAPUR LPG SA
372,KANNUR LPG SA
373,COIMBATORE CSC & LPG
374,ERNAKULAM CSC & LPG
375,MANGALORE LPG SA
376,GWALIOR LPG SA
377,GURGAON LPG SA
378,UJJAIN LPG SA
379,THANE-2 LPG SA
380,SHADOL LPG SA
381,BELGAUM CSC & LPG SA
382,KANPUR LPG SA
383,BAREILLY LPG SA
384,NELLORE LPG SA
385,NALGONDA LPG SA
386,HYDERABAD ND LPG SA
387,PUNE ND LPG SA
388,NAVI MUMBAI ND LPG
389,GORAKHPUR CSC & LPG
390,RANCHI LPG SA
391,MUZAFFARPUR LPG SA
392,SASARAM LPG SA
393,BASTI LPG SA
394,SOLAPUR LPG SA
395,KOTA LPG SA
396,BIKANER LPG SA
397,PRAYAGRAJ LPG SA
398,RAYAGADA LPG SA
399,SITAPUR LPG SA
400,AYODHYA LPG SA
401,AZAMGARH LPG SA
402,RAEBARELI LPG SA
403,SATARA LPG SA
404,GUWAHATI LPG SA
405,DURGAPUR-2 LPG SA
406,HOWRAH LPG SA
407,BHILLAI LPG SA
408,DHANBAD LPG SA
409,BALESHWAR LPG SA
410,GAYA LPG SA
411,BEGUSARAI LPG SA
412,JHANSI LPG SA
413,DEHRADUN LPG SA
414,MEERUT LPG SA
415,HISAR LPG SA
416,BHATINDA LPG SA
417,UDHAMPUR LPG SA
418,ALWAR LPG SA
419,DHAR LPG SA
420,SATNA LPG SA
421,CHHINDWARA LPG SA
422,PALI LPG SA
423,ALIGARH LPG SA
424,ANGUL LPG SA
425,BERHAMPORE LPG SA
426,JALGAON LPG SA
427,MORADABAD LPG SA
428,MOTIHARI LPG SA
429,NANDED LPG SA
430,PALANPUR LPG SA
431,RAIGARH LPG SA
432,SAHARSA LPG SA
433,TRICHY LPG SA
434,TRIVANDRUM LPG SA
435,SHIMLA LPG SA
436,SULTANPUR LPG SA
437,KUSHINAGAR LPG SA
438,ETAWAH LPG SA
439,SIWAN LPG SA
440,DEOGARH LPG SA
441,KOLKATA-3 LPG SA
442,MOHALI LPG SA
443,JEYPORE LPG SA
444,NIZAMABAD LPG SA
445,KHAMMAM LPG SA
446,CHITTOOR LPG SA
447,VELLORE LPG SA
448,SHIMOGA LPG SA
449,BAHARAMPUR LPG SA
450,BANKURA LPG SA
451,BONGAIGAON LPG SA
452,JORHAT LPG SA
453,BHAGALPUR LPG SA
454,DARBHANGA LPG SA
663,MORBI LPG SA
692,BELLARY LPG SA
693,TIRUNELVELI LPG SA